user_id,name,age,gender,city,registration_date
1,User_1,56,Male,Chennai,2022-05-07
2,User_2,46,Female,Hyderabad,2022-06-09
3,User_3,32,Male,Bangalore,2022-09-05
4,User_4,60,Other,Chennai,2022-07-22
5,User_5,25,Male,Mumbai,2022-05-28
6,User_6,38,Male,Chennai,2022-05-23
7,User_7,56,Male,Delhi,2022-07-18
8,User_8,36,Male,Bangalore,2022-06-03
9,User_9,40,Other,Mumbai,2022-05-22
10,User_10,28,Other,Hyderabad,2022-11-09
11,User_11,28,Female,Kolkata,2022-06-14
12,User_12,41,Other,Mumbai,2022-11-10
13,User_13,53,Other,Hyderabad,2022-01-21
14,User_14,57,Female,Kolkata,2022-03-23
15,User_15,41,Other,Kolkata,2022-03-10
16,User_16,20,Male,Mumbai,2022-05-11
17,User_17,39,Male,Chennai,2022-03-28
18,User_18,19,Female,Chennai,2022-08-06
19,User_19,41,Female,Kolkata,2022-11-01
20,User_20,61,Female,Chennai,2022-12-11
21,User_21,47,Male,Delhi,2022-12-07
22,User_22,55,Other,Kolkata,2022-06-10
23,User_23,19,Male,Kolkata,2022-06-27
24,User_24,38,Female,Hyderabad,2022-04-27
25,User_25,50,Other,Chennai,2022-07-15
26,User_26,29,Other,Kolkata,2022-11-23
27,User_27,39,Male,Delhi,2022-03-27
28,User_28,61,Female,Hyderabad,2022-10-16
29,User_29,42,Male,Mumbai,2022-03-22
30,User_30,44,Other,Kolkata,2022-06-01
31,User_31,59,Male,Delhi,2022-03-02
32,User_32,45,Male,Bangalore,2022-03-02
33,User_33,33,Female,Delhi,2022-12-20
34,User_34,32,Female,Delhi,2022-01-28
35,User_35,64,Other,Hyderabad,2022-02-12
36,User_36,61,Male,Mumbai,2022-06-18
37,User_37,20,Male,Bangalore,2022-03-27
38,User_38,54,Male,Chennai,2022-06-26
39,User_39,24,Other,Chennai,2022-01-17
40,User_40,38,Other,Delhi,2022-04-08
41,User_41,26,Female,Hyderabad,2022-07-17
42,User_42,56,Female,Hyderabad,2022-04-08
43,User_43,35,Female,Chennai,2022-03-06
44,User_44,21,Male,Bangalore,2022-11-26
45,User_45,42,Male,Mumbai,2022-12-07
46,User_46,31,Female,Bangalore,2022-01-05
47,User_47,26,Male,Kolkata,2022-01-02
48,User_48,43,Female,Kolkata,2022-01-22
49,User_49,19,Other,Mumbai,2022-04-22
50,User_50,37,Female,Chennai,2022-02-26
51,User_51,45,Other,Mumbai,2022-03-07
52,User_52,64,Male,Hyderabad,2022-11-26
53,User_53,24,Female,Kolkata,2022-04-08
54,User_54,61,Male,Delhi,2022-05-24
55,User_55,25,Other,Delhi,2022-05-05
56,User_56,64,Other,Chennai,2022-06-16
57,User_57,52,Other,Hyderabad,2022-03-27
58,User_58,31,Male,Bangalore,2022-03-17
59,User_59,34,Male,Hyderabad,2022-12-10
60,User_60,53,Male,Delhi,2022-10-21
61,User_61,57,Male,Delhi,2022-02-28
62,User_62,21,Other,Kolkata,2022-05-18
63,User_63,19,Other,Hyderabad,2022-04-09
64,User_64,23,Female,Hyderabad,2022-07-11
65,User_65,59,Female,Delhi,2022-08-31
66,User_66,21,Male,Bangalore,2022-11-15
67,User_67,46,Other,Chennai,2022-02-18
68,User_68,35,Other,Chennai,2022-02-01
69,User_69,43,Other,Hyderabad,2022-10-04
70,User_70,61,Female,Chennai,2022-01-20
71,User_71,51,Female,Delhi,2022-06-03
72,User_72,27,Other,Delhi,2022-03-09
73,User_73,53,Other,Hyderabad,2022-08-02
74,User_74,31,Other,Hyderabad,2022-05-23
75,User_75,48,Female,Kolkata,2022-08-20
76,User_76,32,Other,Hyderabad,2022-08-01
77,User_77,25,Other,Bangalore,2022-03-20
78,User_78,31,Male,Chennai,2022-08-02
79,User_79,40,Male,Hyderabad,2022-04-26
80,User_80,57,Female,Mumbai,2022-04-02
81,User_81,38,Other,Kolkata,2022-09-27
82,User_82,33,Other,Mumbai,2022-06-17
83,User_83,62,Male,Delhi,2022-02-27
84,User_84,35,Female,Chennai,2022-10-11
85,User_85,64,Male,Hyderabad,2022-01-26
86,User_86,41,Male,Mumbai,2022-03-07
87,User_87,43,Male,Chennai,2022-09-05
88,User_88,42,Male,Delhi,2022-09-11
89,User_89,62,Other,Bangalore,2022-02-13
90,User_90,58,Other,Kolkata,2022-04-07
91,User_91,46,Male,Chennai,2022-02-11
92,User_92,32,Female,Chennai,2022-08-15
93,User_93,62,Female,Bangalore,2022-09-19
94,User_94,18,Female,Chennai,2022-06-16
95,User_95,42,Female,Delhi,2022-10-06
96,User_96,24,Male,Delhi,2022-03-30
97,User_97,26,Other,Bangalore,2022-06-27
98,User_98,41,Female,Kolkata,2022-07-16
99,User_99,18,Male,Hyderabad,2022-11-03
100,User_100,61,Female,Mumbai,2022-09-24
101,User_101,25,Female,Hyderabad,2022-09-25
102,User_102,41,Male,Chennai,2022-03-15
103,User_103,28,Other,Mumbai,2022-01-08
104,User_104,34,Other,Bangalore,2022-10-24
105,User_105,25,Male,Bangalore,2022-06-13
106,User_106,52,Other,Kolkata,2022-03-26
107,User_107,52,Male,Mumbai,2022-03-13
108,User_108,50,Male,Delhi,2022-02-24
109,User_109,22,Male,Mumbai,2022-02-16
110,User_110,59,Other,Chennai,2022-08-26
111,User_111,56,Male,Delhi,2022-04-14
112,User_112,58,Female,Bangalore,2022-07-29
113,User_113,45,Other,Mumbai,2022-02-11
114,User_114,24,Other,Hyderabad,2022-11-12
115,User_115,26,Other,Kolkata,2022-09-25
116,User_116,25,Other,Hyderabad,2022-09-20
117,User_117,29,Female,Kolkata,2022-12-02
118,User_118,51,Other,Chennai,2022-12-31
119,User_119,50,Other,Hyderabad,2022-09-16
120,User_120,40,Male,Mumbai,2022-10-10
121,User_121,41,Other,Mumbai,2022-04-24
122,User_122,54,Female,Hyderabad,2022-12-29
123,User_123,52,Female,Mumbai,2022-02-09
124,User_124,61,Female,Chennai,2022-08-08
125,User_125,57,Female,Delhi,2022-05-09
126,User_126,39,Other,Chennai,2022-01-08
127,User_127,44,Other,Kolkata,2022-04-11
128,User_128,52,Female,Chennai,2022-06-25
129,User_129,18,Female,Kolkata,2022-04-17
130,User_130,52,Other,Mumbai,2022-04-11
131,User_131,54,Female,Delhi,2022-09-17
132,User_132,64,Male,Mumbai,2022-09-03
133,User_133,31,Female,Bangalore,2022-10-02
134,User_134,20,Female,Mumbai,2022-02-01
135,User_135,18,Male,Kolkata,2022-05-17
136,User_136,22,Male,Mumbai,2022-01-12
137,User_137,43,Other,Mumbai,2022-10-29
138,User_138,31,Other,Delhi,2022-01-16
139,User_139,56,Male,Mumbai,2022-05-09
140,User_140,44,Male,Delhi,2022-03-04
141,User_141,26,Other,Hyderabad,2022-04-19
142,User_142,32,Female,Bangalore,2022-01-21
143,User_143,32,Male,Delhi,2022-06-07
144,User_144,43,Other,Kolkata,2022-09-26
145,User_145,59,Female,Hyderabad,2022-06-11
146,User_146,30,Male,Delhi,2022-09-17
147,User_147,49,Female,Delhi,2022-04-12
148,User_148,56,Other,Bangalore,2022-08-11
149,User_149,49,Male,Kolkata,2022-02-28
150,User_150,21,Female,Chennai,2022-09-04
151,User_151,47,Male,Chennai,2022-05-08
152,User_152,54,Female,Delhi,2022-10-10
153,User_153,40,Other,Mumbai,2022-11-21
154,User_154,56,Other,Kolkata,2022-01-25
155,User_155,62,Male,Hyderabad,2022-05-11
156,User_156,32,Female,Mumbai,2022-12-19
157,User_157,60,Male,Mumbai,2022-07-15
158,User_158,46,Male,Kolkata,2022-10-08
159,User_159,53,Female,Delhi,2022-06-03
160,User_160,30,Female,Delhi,2022-05-13
161,User_161,49,Female,Delhi,2022-08-15
162,User_162,24,Other,Delhi,2022-07-08
163,User_163,39,Male,Chennai,2022-09-22
164,User_164,45,Male,Delhi,2022-05-14
165,User_165,19,Other,Chennai,2022-07-30
166,User_166,59,Female,Chennai,2022-03-01
167,User_167,62,Other,Delhi,2022-12-30
168,User_168,23,Other,Bangalore,2022-12-30
169,User_169,45,Other,Hyderabad,2022-08-01
170,User_170,45,Male,Mumbai,2022-08-04
171,User_171,61,Other,Chennai,2022-08-14
172,User_172,61,Male,Kolkata,2022-05-11
173,User_173,37,Male,Kolkata,2022-03-17
174,User_174,47,Male,Hyderabad,2022-10-13
175,User_175,28,Female,Kolkata,2022-10-04
176,User_176,45,Male,Bangalore,2022-06-05
177,User_177,42,Male,Kolkata,2022-09-05
178,User_178,56,Female,Mumbai,2022-08-06
179,User_179,50,Male,Mumbai,2022-07-09
180,User_180,18,Other,Chennai,2022-06-12
181,User_181,44,Other,Delhi,2022-06-29
182,User_182,30,Male,Bangalore,2022-02-03
183,User_183,58,Female,Chennai,2022-02-10
184,User_184,20,Other,Bangalore,2022-11-03
185,User_185,56,Female,Delhi,2022-12-04
186,User_186,23,Female,Kolkata,2022-11-10
187,User_187,25,Other,Kolkata,2022-03-16
188,User_188,44,Female,Delhi,2022-10-06
189,User_189,26,Other,Chennai,2022-06-25
190,User_190,54,Female,Delhi,2022-05-30
191,User_191,50,Other,Hyderabad,2022-09-30
192,User_192,59,Male,Mumbai,2022-11-21
193,User_193,61,Other,Chennai,2022-04-18
194,User_194,41,Other,Bangalore,2022-05-19
195,User_195,32,Other,Hyderabad,2022-12-16
196,User_196,49,Other,Chennai,2022-09-28
197,User_197,49,Female,Delhi,2022-12-13
198,User_198,41,Male,Delhi,2022-10-16
199,User_199,58,Other,Delhi,2022-07-31
200,User_200,29,Female,Delhi,2022-09-29
201,User_201,56,Male,Bangalore,2022-03-07
202,User_202,19,Male,Hyderabad,2022-09-05
203,User_203,20,Male,Kolkata,2022-06-05
204,User_204,54,Male,Mumbai,2022-02-16
205,User_205,34,Other,Bangalore,2022-07-20
206,User_206,19,Other,Bangalore,2022-05-28
207,User_207,19,Female,Kolkata,2022-05-04
208,User_208,45,Female,Kolkata,2022-01-01
209,User_209,40,Female,Mumbai,2022-09-04
210,User_210,54,Male,Mumbai,2022-12-09
211,User_211,49,Male,Kolkata,2022-05-08
212,User_212,50,Other,Delhi,2022-07-10
213,User_213,18,Male,Bangalore,2022-03-08
214,User_214,36,Male,Chennai,2022-01-04
215,User_215,19,Male,Mumbai,2022-10-30
216,User_216,61,Female,Mumbai,2022-10-21
217,User_217,43,Female,Kolkata,2022-05-23
218,User_218,49,Other,Hyderabad,2022-07-10
219,User_219,23,Male,Chennai,2022-01-21
220,User_220,49,Male,Chennai,2022-08-15
221,User_221,21,Other,Mumbai,2022-11-09
222,User_222,28,Male,Delhi,2022-04-27
223,User_223,34,Male,Hyderabad,2022-10-29
224,User_224,55,Female,Chennai,2022-05-22
225,User_225,41,Other,Mumbai,2022-02-08
226,User_226,22,Other,Chennai,2022-12-21
227,User_227,51,Other,Hyderabad,2022-09-09
228,User_228,23,Other,Hyderabad,2022-11-29
229,User_229,39,Female,Bangalore,2022-07-26
230,User_230,28,Female,Kolkata,2022-07-29
231,User_231,33,Male,Kolkata,2022-04-25
232,User_232,50,Male,Mumbai,2022-08-13
233,User_233,26,Male,Hyderabad,2022-05-14
234,User_234,23,Male,Bangalore,2022-09-08
235,User_235,33,Female,Bangalore,2022-08-07
236,User_236,46,Other,Chennai,2022-04-01
237,User_237,20,Female,Chennai,2022-12-20
238,User_238,37,Male,Bangalore,2022-02-15
239,User_239,53,Female,Chennai,2022-02-07
240,User_240,36,Other,Hyderabad,2022-05-22
241,User_241,43,Other,Delhi,2022-04-10
242,User_242,20,Female,Hyderabad,2022-11-24
243,User_243,36,Female,Bangalore,2022-07-09
244,User_244,37,Female,Bangalore,2022-02-04
245,User_245,49,Male,Hyderabad,2022-05-27
246,User_246,24,Female,Chennai,2022-01-30
247,User_247,58,Female,Chennai,2022-11-30
248,User_248,50,Female,Kolkata,2022-03-25
249,User_249,57,Other,Bangalore,2022-10-08
250,User_250,56,Other,Mumbai,2022-12-10
251,User_251,35,Male,Kolkata,2022-09-27
252,User_252,57,Male,Chennai,2022-06-03
253,User_253,18,Other,Hyderabad,2022-04-12
254,User_254,28,Other,Chennai,2022-08-03
255,User_255,45,Other,Hyderabad,2022-05-30
256,User_256,42,Female,Kolkata,2022-03-24
257,User_257,40,Female,Bangalore,2022-04-20
258,User_258,48,Other,Chennai,2022-10-02
259,User_259,47,Female,Hyderabad,2022-07-20
260,User_260,59,Female,Bangalore,2022-10-11
261,User_261,52,Male,Mumbai,2022-06-22
262,User_262,24,Other,Hyderabad,2022-11-23
263,User_263,33,Other,Kolkata,2022-07-25
264,User_264,43,Female,Mumbai,2022-03-04
265,User_265,19,Other,Mumbai,2022-03-14
266,User_266,18,Male,Delhi,2022-09-08
267,User_267,29,Male,Chennai,2022-05-04
268,User_268,22,Male,Hyderabad,2022-05-01
269,User_269,54,Other,Mumbai,2022-10-02
270,User_270,49,Other,Delhi,2022-04-30
271,User_271,26,Other,Kolkata,2022-11-13
272,User_272,58,Other,Bangalore,2022-06-13
273,User_273,52,Other,Hyderabad,2022-10-13
274,User_274,36,Male,Mumbai,2022-09-22
275,User_275,33,Female,Chennai,2022-11-16
276,User_276,20,Male,Delhi,2022-06-10
277,User_277,37,Other,Mumbai,2022-11-04
278,User_278,41,Male,Chennai,2022-03-30
279,User_279,50,Other,Mumbai,2022-05-22
280,User_280,41,Other,Hyderabad,2022-07-22
281,User_281,28,Male,Hyderabad,2022-11-05
282,User_282,25,Other,Hyderabad,2022-08-15
283,User_283,53,Female,Kolkata,2022-11-30
284,User_284,55,Other,Kolkata,2022-08-10
285,User_285,57,Female,Delhi,2022-02-10
286,User_286,37,Female,Hyderabad,2022-07-15
287,User_287,52,Other,Chennai,2022-03-09
288,User_288,42,Male,Mumbai,2022-09-21
289,User_289,52,Female,Bangalore,2022-01-02
290,User_290,42,Male,Chennai,2022-12-27
291,User_291,46,Female,Kolkata,2022-05-05
292,User_292,35,Other,Kolkata,2022-04-20
293,User_293,63,Other,Chennai,2022-03-27
294,User_294,35,Female,Kolkata,2022-04-30
295,User_295,19,Other,Hyderabad,2022-05-07
296,User_296,52,Female,Delhi,2022-09-12
297,User_297,33,Other,Mumbai,2022-07-02
298,User_298,58,Male,Delhi,2022-01-16
299,User_299,53,Other,Mumbai,2022-03-03
300,User_300,50,Male,Mumbai,2022-06-07
301,User_301,21,Other,Delhi,2022-09-25
302,User_302,50,Male,Chennai,2022-02-04
303,User_303,31,Other,Mumbai,2022-09-24
304,User_304,38,Male,Delhi,2022-03-05
305,User_305,37,Female,Mumbai,2022-02-19
306,User_306,25,Female,Bangalore,2022-09-12
307,User_307,24,Male,Chennai,2022-05-29
308,User_308,20,Other,Hyderabad,2022-11-21
309,User_309,34,Male,Mumbai,2022-10-31
310,User_310,50,Other,Bangalore,2022-10-03
311,User_311,29,Female,Hyderabad,2022-12-23
312,User_312,39,Other,Hyderabad,2022-06-21
313,User_313,39,Female,Mumbai,2022-07-20
314,User_314,63,Other,Delhi,2022-11-20
315,User_315,47,Other,Mumbai,2022-02-04
316,User_316,55,Other,Bangalore,2022-08-04
317,User_317,55,Male,Hyderabad,2022-03-06
318,User_318,62,Male,Mumbai,2022-01-08
319,User_319,25,Female,Delhi,2022-10-28
320,User_320,44,Female,Mumbai,2022-12-09
321,User_321,44,Male,Chennai,2022-11-28
322,User_322,51,Female,Delhi,2022-03-17
323,User_323,38,Male,Bangalore,2022-06-23
324,User_324,47,Other,Hyderabad,2022-02-16
325,User_325,50,Female,Mumbai,2022-01-15
326,User_326,45,Female,Delhi,2022-12-27
327,User_327,64,Male,Chennai,2022-05-27
328,User_328,50,Female,Delhi,2022-01-26
329,User_329,22,Female,Kolkata,2022-11-04
330,User_330,36,Other,Chennai,2022-04-03
331,User_331,21,Female,Bangalore,2022-08-20
332,User_332,52,Other,Hyderabad,2022-01-21
333,User_333,34,Male,Bangalore,2022-11-03
334,User_334,61,Female,Mumbai,2022-02-07
335,User_335,45,Other,Delhi,2022-10-03
336,User_336,47,Male,Kolkata,2022-06-06
337,User_337,46,Female,Chennai,2022-06-28
338,User_338,63,Male,Chennai,2022-05-12
339,User_339,23,Female,Delhi,2022-11-07
340,User_340,52,Male,Kolkata,2022-12-14
341,User_341,58,Male,Delhi,2022-01-28
342,User_342,54,Other,Mumbai,2022-09-17
343,User_343,41,Male,Bangalore,2022-03-17
344,User_344,46,Female,Chennai,2022-03-08
345,User_345,63,Female,Mumbai,2022-12-08
346,User_346,48,Other,Bangalore,2022-07-13
347,User_347,52,Female,Mumbai,2022-06-11
348,User_348,50,Female,Kolkata,2022-12-13
349,User_349,38,Female,Chennai,2022-12-27
350,User_350,49,Male,Delhi,2022-09-14
351,User_351,40,Male,Delhi,2022-03-13
352,User_352,50,Female,Bangalore,2022-03-28
353,User_353,20,Other,Hyderabad,2022-09-19
354,User_354,35,Male,Kolkata,2022-08-02
355,User_355,42,Other,Bangalore,2022-06-02
356,User_356,59,Female,Hyderabad,2022-07-29
357,User_357,48,Female,Mumbai,2022-03-02
358,User_358,20,Male,Kolkata,2022-09-25
359,User_359,57,Female,Mumbai,2022-09-19
360,User_360,63,Male,Chennai,2022-08-06
361,User_361,41,Female,Kolkata,2022-10-10
362,User_362,49,Female,Hyderabad,2022-05-16
363,User_363,64,Male,Chennai,2022-12-28
364,User_364,39,Male,Delhi,2022-04-03
365,User_365,40,Male,Hyderabad,2022-04-19
366,User_366,19,Female,Bangalore,2022-08-29
367,User_367,44,Female,Delhi,2022-12-21
368,User_368,59,Other,Delhi,2022-05-22
369,User_369,19,Male,Bangalore,2022-10-18
370,User_370,43,Female,Kolkata,2022-08-25
371,User_371,34,Female,Delhi,2022-12-06
372,User_372,57,Male,Hyderabad,2022-11-08
373,User_373,50,Other,Chennai,2022-06-26
374,User_374,26,Male,Delhi,2022-05-21
375,User_375,60,Other,Hyderabad,2022-07-08
376,User_376,56,Female,Mumbai,2022-02-18
377,User_377,46,Other,Hyderabad,2022-10-29
378,User_378,59,Female,Chennai,2022-07-09
379,User_379,43,Male,Hyderabad,2022-05-16
380,User_380,52,Male,Bangalore,2022-02-12
381,User_381,42,Male,Chennai,2022-12-19
382,User_382,41,Other,Kolkata,2022-03-31
383,User_383,30,Female,Mumbai,2022-10-22
384,User_384,24,Male,Bangalore,2022-12-07
385,User_385,53,Male,Kolkata,2022-09-02
386,User_386,62,Female,Hyderabad,2022-07-11
387,User_387,37,Male,Chennai,2022-11-14
388,User_388,18,Female,Mumbai,2022-04-16
389,User_389,25,Female,Bangalore,2022-12-29
390,User_390,63,Female,Kolkata,2022-11-06
391,User_391,33,Female,Kolkata,2022-08-21
392,User_392,31,Female,Mumbai,2022-09-22
393,User_393,29,Other,Hyderabad,2022-12-10
394,User_394,40,Male,Mumbai,2022-02-06
395,User_395,32,Other,Kolkata,2022-11-01
396,User_396,45,Male,Delhi,2022-02-10
397,User_397,51,Other,Bangalore,2022-01-17
398,User_398,19,Female,Mumbai,2022-12-10
399,User_399,49,Male,Kolkata,2022-10-04
400,User_400,40,Male,Hyderabad,2022-11-03
401,User_401,39,Other,Kolkata,2022-02-28
402,User_402,42,Other,Hyderabad,2022-07-02
403,User_403,39,Male,Mumbai,2022-02-10
404,User_404,39,Other,Hyderabad,2022-02-08
405,User_405,59,Other,Chennai,2022-07-11
406,User_406,23,Other,Chennai,2022-09-24
407,User_407,32,Female,Chennai,2022-05-27
408,User_408,60,Female,Delhi,2022-11-29
409,User_409,54,Other,Mumbai,2022-05-07
410,User_410,50,Other,Kolkata,2022-02-15
411,User_411,25,Female,Kolkata,2022-02-14
412,User_412,61,Female,Delhi,2022-01-01
413,User_413,61,Male,Hyderabad,2022-06-17
414,User_414,22,Male,Delhi,2022-04-18
415,User_415,56,Female,Hyderabad,2022-01-19
416,User_416,21,Other,Hyderabad,2022-11-28
417,User_417,23,Other,Bangalore,2022-03-13
418,User_418,62,Other,Kolkata,2022-04-19
419,User_419,49,Other,Chennai,2022-09-25
420,User_420,47,Male,Hyderabad,2022-08-28
421,User_421,64,Female,Bangalore,2022-10-28
422,User_422,52,Other,Kolkata,2022-03-31
423,User_423,57,Male,Chennai,2022-04-13
424,User_424,33,Other,Hyderabad,2022-09-07
425,User_425,30,Female,Hyderabad,2022-01-08
426,User_426,59,Male,Delhi,2022-06-02
427,User_427,47,Female,Delhi,2022-12-13
428,User_428,36,Female,Kolkata,2022-06-23
429,User_429,34,Male,Chennai,2022-12-09
430,User_430,36,Male,Hyderabad,2022-06-07
431,User_431,45,Male,Kolkata,2022-08-03
432,User_432,43,Male,Kolkata,2022-06-26
433,User_433,54,Male,Mumbai,2022-06-24
434,User_434,43,Male,Delhi,2022-12-06
435,User_435,40,Male,Chennai,2022-12-04
436,User_436,26,Other,Hyderabad,2022-05-26
437,User_437,29,Female,Kolkata,2022-11-20
438,User_438,18,Male,Hyderabad,2022-06-10
439,User_439,18,Other,Mumbai,2022-05-07
440,User_440,64,Other,Chennai,2022-03-23
441,User_441,51,Other,Kolkata,2022-05-27
442,User_442,49,Female,Hyderabad,2022-08-27
443,User_443,42,Male,Delhi,2022-03-25
444,User_444,57,Other,Mumbai,2022-04-23
445,User_445,62,Female,Chennai,2022-08-13
446,User_446,18,Female,Mumbai,2022-11-28
447,User_447,33,Female,Delhi,2022-08-31
448,User_448,56,Other,Chennai,2022-05-23
449,User_449,22,Male,Mumbai,2022-02-10
450,User_450,39,Other,Bangalore,2022-09-15
451,User_451,46,Other,Delhi,2022-10-12
452,User_452,20,Male,Delhi,2022-04-15
453,User_453,29,Male,Delhi,2022-07-21
454,User_454,43,Male,Bangalore,2022-11-03
455,User_455,33,Female,Bangalore,2022-11-27
456,User_456,54,Male,Hyderabad,2022-09-23
457,User_457,39,Other,Kolkata,2022-07-29
458,User_458,46,Male,Mumbai,2022-02-20
459,User_459,31,Other,Hyderabad,2022-04-28
460,User_460,45,Female,Mumbai,2022-07-20
461,User_461,22,Other,Kolkata,2022-02-08
462,User_462,64,Other,Bangalore,2022-01-28
463,User_463,47,Male,Kolkata,2022-09-16
464,User_464,63,Male,Bangalore,2022-03-25
465,User_465,22,Other,Kolkata,2022-06-04
466,User_466,29,Male,Hyderabad,2022-04-27
467,User_467,33,Female,Chennai,2022-01-02
468,User_468,43,Female,Hyderabad,2022-04-03
469,User_469,43,Male,Mumbai,2022-06-15
470,User_470,38,Female,Hyderabad,2022-12-16
471,User_471,56,Male,Delhi,2022-10-23
472,User_472,53,Other,Mumbai,2022-09-15
473,User_473,50,Other,Kolkata,2022-03-22
474,User_474,47,Female,Mumbai,2022-09-25
475,User_475,54,Male,Chennai,2022-08-23
476,User_476,40,Male,Bangalore,2022-11-17
477,User_477,27,Female,Kolkata,2022-11-07
478,User_478,22,Other,Mumbai,2022-10-28
479,User_479,53,Female,Kolkata,2022-12-23
480,User_480,51,Other,Kolkata,2022-08-01
481,User_481,48,Male,Kolkata,2022-03-03
482,User_482,27,Other,Bangalore,2022-02-18
483,User_483,36,Female,Hyderabad,2022-05-07
484,User_484,49,Male,Kolkata,2022-08-11
485,User_485,18,Female,Delhi,2022-10-06
486,User_486,22,Female,Chennai,2022-10-21
487,User_487,62,Other,Bangalore,2022-10-11
488,User_488,21,Female,Mumbai,2022-10-04
489,User_489,33,Other,Bangalore,2022-04-17
490,User_490,41,Male,Mumbai,2022-05-26
491,User_491,33,Other,Bangalore,2022-04-09
492,User_492,19,Male,Mumbai,2022-03-14
493,User_493,45,Other,Kolkata,2022-05-02
494,User_494,49,Female,Hyderabad,2022-01-30
495,User_495,44,Other,Mumbai,2022-07-07
496,User_496,37,Other,Mumbai,2022-12-30
497,User_497,41,Male,Delhi,2022-12-20
498,User_498,29,Female,Mumbai,2022-10-15
499,User_499,52,Other,Delhi,2022-07-14
500,User_500,50,Female,Chennai,2022-06-05
501,User_501,50,Other,Kolkata,2022-06-21
502,User_502,60,Other,Delhi,2022-12-01
503,User_503,54,Female,Hyderabad,2022-02-10
504,User_504,29,Other,Kolkata,2022-03-04
505,User_505,20,Female,Delhi,2022-01-23
506,User_506,18,Other,Kolkata,2022-12-26
507,User_507,50,Male,Kolkata,2022-03-16
508,User_508,57,Female,Kolkata,2022-02-17
509,User_509,27,Other,Chennai,2022-06-09
510,User_510,60,Other,Hyderabad,2022-11-09
511,User_511,61,Male,Bangalore,2022-04-28
512,User_512,46,Female,Bangalore,2022-04-10
513,User_513,30,Other,Delhi,2022-06-16
514,User_514,29,Male,Kolkata,2022-10-17
515,User_515,48,Other,Delhi,2022-06-05
516,User_516,63,Female,Chennai,2022-01-07
517,User_517,19,Other,Chennai,2022-07-15
518,User_518,52,Other,Mumbai,2022-02-25
519,User_519,40,Other,Chennai,2022-11-17
520,User_520,34,Other,Mumbai,2022-07-12
521,User_521,43,Male,Hyderabad,2022-02-16
522,User_522,25,Male,Delhi,2022-05-28
523,User_523,46,Female,Hyderabad,2022-10-02
524,User_524,43,Male,Chennai,2022-06-06
525,User_525,27,Male,Hyderabad,2022-07-21
526,User_526,43,Female,Hyderabad,2022-05-06
527,User_527,51,Male,Hyderabad,2022-11-01
528,User_528,58,Male,Chennai,2022-10-21
529,User_529,24,Female,Kolkata,2022-03-05
530,User_530,21,Female,Hyderabad,2022-11-21
531,User_531,62,Female,Mumbai,2022-06-25
532,User_532,28,Other,Chennai,2022-04-26
533,User_533,46,Other,Hyderabad,2022-07-23
534,User_534,53,Female,Kolkata,2022-11-17
535,User_535,42,Female,Chennai,2022-01-31
536,User_536,38,Female,Bangalore,2022-04-23
537,User_537,53,Other,Kolkata,2022-12-31
538,User_538,27,Other,Mumbai,2022-11-21
539,User_539,54,Male,Hyderabad,2022-12-10
540,User_540,26,Male,Bangalore,2022-03-08
541,User_541,41,Female,Bangalore,2022-03-16
542,User_542,52,Other,Chennai,2022-02-14
543,User_543,52,Other,Bangalore,2022-09-17
544,User_544,53,Other,Mumbai,2022-06-03
545,User_545,35,Female,Mumbai,2022-06-04
546,User_546,56,Male,Delhi,2022-12-29
547,User_547,49,Female,Mumbai,2022-08-22
548,User_548,41,Male,Kolkata,2022-02-20
549,User_549,40,Male,Bangalore,2022-11-02
550,User_550,49,Female,Mumbai,2022-09-19
551,User_551,54,Male,Chennai,2022-11-11
552,User_552,29,Male,Delhi,2022-05-05
553,User_553,30,Other,Bangalore,2022-09-02
554,User_554,40,Male,Delhi,2022-01-30
555,User_555,42,Female,Bangalore,2022-05-02
556,User_556,52,Female,Chennai,2022-05-05
557,User_557,58,Male,Delhi,2022-02-06
558,User_558,47,Other,Hyderabad,2022-06-19
559,User_559,34,Other,Kolkata,2022-05-04
560,User_560,37,Male,Kolkata,2022-12-23
561,User_561,42,Male,Bangalore,2022-02-04
562,User_562,39,Female,Hyderabad,2022-03-28
563,User_563,30,Male,Delhi,2022-05-14
564,User_564,36,Other,Hyderabad,2022-07-15
565,User_565,53,Male,Hyderabad,2022-10-01
566,User_566,29,Female,Delhi,2022-07-20
567,User_567,58,Female,Chennai,2022-10-12
568,User_568,36,Female,Hyderabad,2022-03-18
569,User_569,29,Female,Hyderabad,2022-02-28
570,User_570,26,Female,Chennai,2022-05-06
571,User_571,24,Male,Hyderabad,2022-04-19
572,User_572,45,Male,Hyderabad,2022-08-12
573,User_573,31,Male,Hyderabad,2022-10-05
574,User_574,48,Male,Kolkata,2022-03-09
575,User_575,36,Female,Mumbai,2022-03-10
576,User_576,64,Other,Chennai,2022-06-14
577,User_577,33,Male,Hyderabad,2022-11-01
578,User_578,22,Other,Kolkata,2022-06-11
579,User_579,52,Male,Chennai,2022-12-31
580,User_580,29,Male,Bangalore,2022-12-08
581,User_581,42,Other,Bangalore,2022-11-05
582,User_582,38,Female,Hyderabad,2022-12-09
583,User_583,53,Male,Kolkata,2022-02-11
584,User_584,40,Male,Kolkata,2022-12-20
585,User_585,33,Male,Chennai,2022-04-19
586,User_586,56,Other,Chennai,2022-02-20
587,User_587,62,Female,Kolkata,2022-09-07
588,User_588,59,Other,Chennai,2022-12-07
589,User_589,56,Other,Kolkata,2022-01-21
590,User_590,31,Female,Mumbai,2022-10-27
591,User_591,48,Other,Kolkata,2022-05-19
592,User_592,22,Female,Bangalore,2022-12-25
593,User_593,52,Male,Chennai,2022-11-20
594,User_594,40,Female,Kolkata,2022-04-02
595,User_595,46,Male,Kolkata,2022-10-07
596,User_596,60,Other,Chennai,2022-05-05
597,User_597,28,Other,Mumbai,2022-04-21
598,User_598,35,Male,Mumbai,2022-12-20
599,User_599,64,Other,Chennai,2022-05-19
600,User_600,29,Female,Delhi,2022-09-30
601,User_601,26,Male,Chennai,2022-04-09
602,User_602,27,Other,Chennai,2022-09-09
603,User_603,61,Male,Mumbai,2022-12-04
604,User_604,34,Female,Mumbai,2022-04-14
605,User_605,55,Female,Chennai,2022-08-02
606,User_606,24,Other,Chennai,2022-09-06
607,User_607,63,Female,Chennai,2022-06-01
608,User_608,30,Male,Mumbai,2022-09-07
609,User_609,57,Female,Chennai,2022-10-02
610,User_610,59,Male,Chennai,2022-06-14
611,User_611,26,Male,Hyderabad,2022-12-07
612,User_612,44,Female,Delhi,2022-01-08
613,User_613,19,Other,Bangalore,2022-10-11
614,User_614,22,Female,Delhi,2022-01-05
615,User_615,46,Male,Hyderabad,2022-05-25
616,User_616,54,Male,Bangalore,2022-04-11
617,User_617,55,Female,Chennai,2022-06-13
618,User_618,36,Other,Hyderabad,2022-05-27
619,User_619,25,Other,Chennai,2022-03-05
620,User_620,62,Male,Mumbai,2022-04-01
621,User_621,18,Male,Kolkata,2022-04-27
622,User_622,39,Other,Hyderabad,2022-12-20
623,User_623,34,Female,Mumbai,2022-09-24
624,User_624,24,Male,Hyderabad,2022-11-06
625,User_625,42,Male,Hyderabad,2022-06-22
626,User_626,62,Other,Mumbai,2022-02-16
627,User_627,21,Female,Bangalore,2022-05-20
628,User_628,53,Other,Delhi,2022-09-03
629,User_629,23,Female,Chennai,2022-05-29
630,User_630,48,Female,Hyderabad,2022-09-03
631,User_631,36,Female,Chennai,2022-01-05
632,User_632,61,Male,Kolkata,2022-07-03
633,User_633,56,Other,Mumbai,2022-01-20
634,User_634,44,Other,Chennai,2022-02-15
635,User_635,27,Female,Mumbai,2022-01-12
636,User_636,43,Male,Chennai,2022-03-11
637,User_637,36,Male,Delhi,2022-01-17
638,User_638,56,Other,Delhi,2022-05-27
639,User_639,20,Male,Delhi,2022-06-03
640,User_640,62,Male,Delhi,2022-10-31
641,User_641,30,Female,Delhi,2022-04-18
642,User_642,45,Male,Delhi,2022-08-24
643,User_643,37,Female,Mumbai,2022-11-04
644,User_644,45,Other,Hyderabad,2022-12-18
645,User_645,25,Male,Chennai,2022-03-11
646,User_646,58,Other,Delhi,2022-07-02
647,User_647,56,Other,Mumbai,2022-09-07
648,User_648,18,Male,Mumbai,2022-08-16
649,User_649,20,Male,Mumbai,2022-04-12
650,User_650,30,Other,Hyderabad,2022-03-16
651,User_651,45,Male,Chennai,2022-08-04
652,User_652,42,Female,Hyderabad,2022-07-22
653,User_653,50,Female,Bangalore,2022-07-11
654,User_654,55,Male,Mumbai,2022-09-06
655,User_655,23,Other,Bangalore,2022-08-30
656,User_656,61,Male,Kolkata,2022-06-28
657,User_657,62,Male,Delhi,2022-08-07
658,User_658,49,Other,Delhi,2022-03-23
659,User_659,62,Other,Hyderabad,2022-04-02
660,User_660,64,Female,Chennai,2022-06-24
661,User_661,38,Other,Bangalore,2022-08-27
662,User_662,33,Female,Chennai,2022-09-17
663,User_663,38,Other,Hyderabad,2022-12-31
664,User_664,28,Male,Delhi,2022-06-12
665,User_665,54,Female,Chennai,2022-02-17
666,User_666,53,Female,Chennai,2022-11-25
667,User_667,52,Female,Delhi,2022-11-24
668,User_668,36,Male,Bangalore,2022-04-26
669,User_669,37,Male,Delhi,2022-12-03
670,User_670,35,Male,Chennai,2022-12-03
671,User_671,64,Male,Bangalore,2022-08-13
672,User_672,58,Male,Bangalore,2022-12-18
673,User_673,31,Female,Delhi,2022-11-24
674,User_674,32,Male,Chennai,2022-05-27
675,User_675,48,Female,Hyderabad,2022-03-04
676,User_676,18,Male,Chennai,2022-10-21
677,User_677,20,Other,Mumbai,2022-11-19
678,User_678,33,Female,Kolkata,2022-11-21
679,User_679,40,Other,Hyderabad,2022-01-13
680,User_680,28,Female,Bangalore,2022-07-08
681,User_681,29,Other,Hyderabad,2022-10-14
682,User_682,27,Male,Bangalore,2022-07-27
683,User_683,49,Male,Bangalore,2022-04-24
684,User_684,33,Male,Hyderabad,2022-01-22
685,User_685,25,Female,Bangalore,2022-12-15
686,User_686,55,Other,Bangalore,2022-08-02
687,User_687,29,Male,Mumbai,2022-06-20
688,User_688,41,Other,Chennai,2022-11-19
689,User_689,45,Other,Chennai,2022-02-23
690,User_690,25,Male,Kolkata,2022-10-25
691,User_691,45,Male,Kolkata,2022-11-16
692,User_692,53,Other,Mumbai,2022-05-06
693,User_693,43,Male,Kolkata,2022-10-04
694,User_694,25,Male,Hyderabad,2022-07-23
695,User_695,45,Male,Delhi,2022-07-13
696,User_696,45,Female,Delhi,2022-06-18
697,User_697,54,Other,Delhi,2022-06-01
698,User_698,58,Other,Mumbai,2022-02-04
699,User_699,53,Female,Mumbai,2022-07-03
700,User_700,44,Other,Bangalore,2022-10-13
701,User_701,34,Male,Delhi,2022-02-26
702,User_702,26,Other,Hyderabad,2022-08-10
703,User_703,50,Male,Kolkata,2022-10-30
704,User_704,37,Female,Hyderabad,2022-06-12
705,User_705,30,Male,Kolkata,2022-01-19
706,User_706,45,Other,Delhi,2022-09-21
707,User_707,46,Other,Delhi,2022-10-09
708,User_708,30,Other,Delhi,2022-04-23
709,User_709,63,Female,Mumbai,2022-11-23
710,User_710,52,Female,Kolkata,2022-01-30
711,User_711,23,Other,Mumbai,2022-05-15
712,User_712,35,Male,Mumbai,2022-03-08
713,User_713,22,Female,Chennai,2022-03-06
714,User_714,64,Other,Hyderabad,2022-10-19
715,User_715,42,Other,Hyderabad,2022-01-25
716,User_716,19,Female,Bangalore,2022-02-06
717,User_717,27,Female,Mumbai,2022-01-01
718,User_718,47,Female,Kolkata,2022-02-06
719,User_719,62,Male,Chennai,2022-05-21
720,User_720,22,Male,Chennai,2022-08-20
721,User_721,50,Other,Hyderabad,2022-05-16
722,User_722,18,Female,Mumbai,2022-07-07
723,User_723,35,Male,Bangalore,2022-05-08
724,User_724,49,Female,Mumbai,2022-07-20
725,User_725,64,Other,Delhi,2022-05-07
726,User_726,28,Male,Mumbai,2022-09-14
727,User_727,38,Male,Delhi,2022-06-13
728,User_728,43,Male,Delhi,2022-02-04
729,User_729,42,Other,Bangalore,2022-07-13
730,User_730,39,Female,Kolkata,2022-07-10
731,User_731,44,Male,Hyderabad,2022-04-14
732,User_732,30,Other,Mumbai,2022-01-23
733,User_733,50,Female,Delhi,2022-09-22
734,User_734,51,Other,Mumbai,2022-10-17
735,User_735,58,Female,Kolkata,2022-09-17
736,User_736,52,Other,Hyderabad,2022-12-24
737,User_737,18,Female,Kolkata,2022-03-16
738,User_738,38,Male,Hyderabad,2022-12-21
739,User_739,23,Female,Chennai,2022-03-13
740,User_740,45,Other,Hyderabad,2022-09-16
741,User_741,34,Other,Bangalore,2022-07-07
742,User_742,22,Female,Kolkata,2022-06-22
743,User_743,48,Male,Delhi,2022-10-17
744,User_744,22,Male,Chennai,2022-02-14
745,User_745,55,Female,Bangalore,2022-03-02
746,User_746,20,Female,Mumbai,2022-03-24
747,User_747,40,Other,Kolkata,2022-05-03
748,User_748,54,Male,Delhi,2022-12-24
749,User_749,54,Female,Hyderabad,2022-01-16
750,User_750,27,Male,Delhi,2022-03-07
751,User_751,27,Female,Mumbai,2022-05-25
752,User_752,36,Female,Chennai,2022-06-11
753,User_753,34,Male,Chennai,2022-08-22
754,User_754,38,Female,Kolkata,2022-05-24
755,User_755,31,Female,Chennai,2022-12-24
756,User_756,26,Other,Kolkata,2022-07-07
757,User_757,63,Female,Kolkata,2022-11-18
758,User_758,18,Female,Kolkata,2022-01-13
759,User_759,62,Female,Hyderabad,2022-07-03
760,User_760,30,Other,Bangalore,2022-04-21
761,User_761,21,Male,Kolkata,2022-10-17
762,User_762,18,Other,Kolkata,2022-10-22
763,User_763,57,Other,Bangalore,2022-08-03
764,User_764,49,Male,Delhi,2022-04-30
765,User_765,51,Other,Kolkata,2022-02-24
766,User_766,45,Male,Hyderabad,2022-01-27
767,User_767,48,Other,Chennai,2022-04-28
768,User_768,25,Male,Chennai,2022-08-09
769,User_769,56,Female,Mumbai,2022-08-19
770,User_770,43,Other,Mumbai,2022-02-22
771,User_771,51,Other,Chennai,2022-10-22
772,User_772,20,Other,Chennai,2022-11-17
773,User_773,29,Other,Hyderabad,2022-08-21
774,User_774,18,Female,Bangalore,2022-06-07
775,User_775,61,Other,Mumbai,2022-09-26
776,User_776,22,Female,Bangalore,2022-01-21
777,User_777,47,Female,Hyderabad,2022-02-22
778,User_778,47,Female,Chennai,2022-10-02
779,User_779,34,Female,Kolkata,2022-11-09
780,User_780,64,Male,Bangalore,2022-10-08
781,User_781,40,Male,Chennai,2022-08-02
782,User_782,32,Other,Chennai,2022-01-31
783,User_783,54,Male,Delhi,2022-12-03
784,User_784,38,Male,Bangalore,2022-07-02
785,User_785,31,Other,Kolkata,2022-01-23
786,User_786,19,Other,Bangalore,2022-02-01
787,User_787,28,Other,Chennai,2022-03-15
788,User_788,56,Male,Kolkata,2022-01-10
789,User_789,55,Male,Hyderabad,2022-02-23
790,User_790,51,Other,Delhi,2022-02-21
791,User_791,55,Female,Chennai,2022-05-28
792,User_792,51,Other,Mumbai,2022-06-09
793,User_793,35,Female,Mumbai,2022-01-14
794,User_794,47,Female,Delhi,2022-06-27
795,User_795,32,Other,Hyderabad,2022-02-22
796,User_796,44,Other,Chennai,2022-12-01
797,User_797,51,Other,Bangalore,2022-01-22
798,User_798,55,Male,Delhi,2022-01-30
799,User_799,50,Female,Hyderabad,2022-07-10
800,User_800,41,Male,Bangalore,2022-09-17
801,User_801,32,Male,Mumbai,2022-07-24
802,User_802,47,Other,Mumbai,2022-02-28
803,User_803,59,Male,Bangalore,2022-09-21
804,User_804,34,Other,Delhi,2022-01-12
805,User_805,22,Female,Mumbai,2022-04-29
806,User_806,46,Other,Chennai,2022-10-17
807,User_807,21,Male,Kolkata,2022-12-04
808,User_808,27,Male,Bangalore,2022-09-05
809,User_809,34,Other,Bangalore,2022-12-20
810,User_810,27,Other,Mumbai,2022-05-07
811,User_811,34,Male,Delhi,2022-03-16
812,User_812,37,Female,Chennai,2022-12-27
813,User_813,41,Female,Delhi,2022-07-23
814,User_814,22,Other,Hyderabad,2022-02-18
815,User_815,51,Female,Hyderabad,2022-03-20
816,User_816,23,Male,Kolkata,2022-08-29
817,User_817,19,Other,Mumbai,2022-12-15
818,User_818,30,Male,Mumbai,2022-06-03
819,User_819,60,Male,Mumbai,2022-10-01
820,User_820,60,Female,Kolkata,2022-04-06
821,User_821,28,Other,Hyderabad,2022-08-02
822,User_822,64,Other,Delhi,2022-10-21
823,User_823,40,Female,Kolkata,2022-07-28
824,User_824,33,Male,Kolkata,2022-12-09
825,User_825,48,Male,Delhi,2022-03-29
826,User_826,28,Male,Mumbai,2022-11-02
827,User_827,33,Male,Chennai,2022-09-21
828,User_828,25,Other,Delhi,2022-11-21
829,User_829,21,Other,Hyderabad,2022-11-16
830,User_830,57,Female,Bangalore,2022-06-06
831,User_831,21,Female,Bangalore,2022-06-05
832,User_832,42,Other,Kolkata,2022-05-19
833,User_833,20,Other,Bangalore,2022-05-01
834,User_834,49,Male,Chennai,2022-03-06
835,User_835,20,Male,Mumbai,2022-04-17
836,User_836,44,Female,Hyderabad,2022-05-27
837,User_837,46,Other,Chennai,2022-05-17
838,User_838,49,Female,Hyderabad,2022-06-11
839,User_839,36,Other,Hyderabad,2022-04-10
840,User_840,38,Male,Mumbai,2022-12-04
841,User_841,22,Female,Kolkata,2022-11-03
842,User_842,35,Female,Bangalore,2022-05-21
843,User_843,45,Other,Mumbai,2022-03-24
844,User_844,59,Male,Chennai,2022-06-26
845,User_845,39,Female,Kolkata,2022-07-17
846,User_846,38,Male,Chennai,2022-04-22
847,User_847,23,Female,Kolkata,2022-02-25
848,User_848,18,Male,Chennai,2022-06-28
849,User_849,22,Other,Mumbai,2022-07-05
850,User_850,58,Female,Kolkata,2022-08-06
851,User_851,29,Female,Kolkata,2022-11-12
852,User_852,43,Male,Hyderabad,2022-08-05
853,User_853,63,Male,Hyderabad,2022-04-30
854,User_854,51,Female,Delhi,2022-06-24
855,User_855,31,Other,Chennai,2022-01-23
856,User_856,43,Male,Hyderabad,2022-08-01
857,User_857,62,Male,Delhi,2022-08-23
858,User_858,44,Male,Hyderabad,2022-01-13
859,User_859,26,Female,Chennai,2022-04-11
860,User_860,43,Female,Kolkata,2022-01-24
861,User_861,64,Female,Bangalore,2022-12-30
862,User_862,39,Female,Chennai,2022-01-11
863,User_863,64,Other,Mumbai,2022-09-30
864,User_864,47,Other,Hyderabad,2022-10-08
865,User_865,60,Female,Hyderabad,2022-04-04
866,User_866,34,Other,Kolkata,2022-07-20
867,User_867,43,Male,Mumbai,2022-01-21
868,User_868,53,Male,Kolkata,2022-12-06
869,User_869,18,Male,Mumbai,2022-07-30
870,User_870,25,Female,Bangalore,2022-05-20
871,User_871,52,Male,Hyderabad,2022-10-20
872,User_872,32,Other,Hyderabad,2022-10-25
873,User_873,64,Female,Bangalore,2022-04-11
874,User_874,39,Other,Delhi,2022-10-31
875,User_875,31,Male,Kolkata,2022-12-25
876,User_876,43,Male,Bangalore,2022-01-28
877,User_877,45,Male,Kolkata,2022-02-10
878,User_878,40,Female,Chennai,2022-12-21
879,User_879,31,Other,Hyderabad,2022-10-30
880,User_880,41,Female,Kolkata,2022-05-26
881,User_881,19,Female,Mumbai,2022-09-13
882,User_882,62,Male,Kolkata,2022-08-15
883,User_883,43,Female,Chennai,2022-08-24
884,User_884,31,Female,Hyderabad,2022-12-27
885,User_885,24,Male,Bangalore,2022-01-13
886,User_886,20,Female,Chennai,2022-07-29
887,User_887,64,Male,Hyderabad,2022-08-17
888,User_888,40,Male,Kolkata,2022-04-10
889,User_889,63,Male,Delhi,2022-01-31
890,User_890,60,Male,Delhi,2022-01-16
891,User_891,64,Female,Mumbai,2022-05-17
892,User_892,62,Male,Hyderabad,2022-11-25
893,User_893,35,Male,Delhi,2022-06-15
894,User_894,55,Female,Bangalore,2022-11-06
895,User_895,52,Female,Hyderabad,2022-04-10
896,User_896,32,Other,Bangalore,2022-04-19
897,User_897,42,Female,Bangalore,2022-12-09
898,User_898,54,Female,Delhi,2022-06-22
899,User_899,45,Other,Hyderabad,2022-08-25
900,User_900,27,Female,Kolkata,2022-06-11
901,User_901,56,Female,Chennai,2022-08-04
902,User_902,34,Female,Delhi,2022-09-21
903,User_903,56,Female,Delhi,2022-09-20
904,User_904,39,Other,Kolkata,2022-10-19
905,User_905,43,Female,Hyderabad,2022-10-01
906,User_906,61,Female,Hyderabad,2022-01-03
907,User_907,42,Other,Bangalore,2022-01-28
908,User_908,34,Male,Kolkata,2022-11-22
909,User_909,30,Other,Kolkata,2022-05-29
910,User_910,37,Male,Hyderabad,2022-01-28
911,User_911,42,Other,Bangalore,2022-11-06
912,User_912,21,Other,Delhi,2022-03-06
913,User_913,27,Female,Mumbai,2022-12-22
914,User_914,20,Male,Chennai,2022-01-21
915,User_915,58,Female,Delhi,2022-09-09
916,User_916,62,Male,Hyderabad,2022-08-23
917,User_917,35,Other,Chennai,2022-08-15
918,User_918,64,Other,Mumbai,2022-01-13
919,User_919,53,Male,Mumbai,2022-11-09
920,User_920,64,Female,Bangalore,2022-02-18
921,User_921,39,Female,Chennai,2022-04-28
922,User_922,51,Female,Bangalore,2022-02-23
923,User_923,64,Female,Delhi,2022-05-18
924,User_924,25,Other,Kolkata,2022-02-22
925,User_925,57,Other,Kolkata,2022-02-13
926,User_926,61,Other,Kolkata,2022-10-30
927,User_927,36,Other,Chennai,2022-02-22
928,User_928,59,Other,Kolkata,2022-03-15
929,User_929,58,Female,Delhi,2022-02-15
930,User_930,54,Female,Bangalore,2022-01-13
931,User_931,23,Female,Chennai,2022-06-14
932,User_932,43,Female,Bangalore,2022-04-12
933,User_933,51,Other,Chennai,2022-10-07
934,User_934,62,Other,Bangalore,2022-09-15
935,User_935,23,Other,Mumbai,2022-12-03
936,User_936,54,Male,Bangalore,2022-12-22
937,User_937,50,Female,Kolkata,2022-05-18
938,User_938,39,Female,Mumbai,2022-06-12
939,User_939,38,Other,Bangalore,2022-04-21
940,User_940,23,Female,Chennai,2022-04-12
941,User_941,23,Female,Chennai,2022-01-17
942,User_942,21,Other,Chennai,2022-09-25
943,User_943,47,Male,Hyderabad,2022-07-01
944,User_944,28,Male,Delhi,2022-01-24
945,User_945,47,Male,Chennai,2022-01-29
946,User_946,48,Other,Mumbai,2022-06-20
947,User_947,41,Female,Chennai,2022-08-16
948,User_948,26,Other,Hyderabad,2022-07-07
949,User_949,20,Other,Kolkata,2022-12-12
950,User_950,48,Female,Mumbai,2022-08-18
951,User_951,57,Male,Hyderabad,2022-11-17
952,User_952,54,Male,Kolkata,2022-12-06
953,User_953,53,Other,Mumbai,2022-04-29
954,User_954,41,Male,Bangalore,2022-06-05
955,User_955,48,Other,Delhi,2022-09-29
956,User_956,23,Other,Delhi,2022-06-24
957,User_957,19,Female,Hyderabad,2022-04-14
958,User_958,37,Female,Kolkata,2022-04-02
959,User_959,45,Female,Delhi,2022-07-05
960,User_960,28,Other,Kolkata,2022-10-10
961,User_961,21,Female,Kolkata,2022-06-30
962,User_962,32,Male,Hyderabad,2022-06-19
963,User_963,23,Male,Hyderabad,2022-07-06
964,User_964,47,Other,Hyderabad,2022-06-24
965,User_965,55,Other,Delhi,2022-08-10
966,User_966,19,Female,Hyderabad,2022-08-21
967,User_967,32,Other,Delhi,2022-06-11
968,User_968,28,Other,Hyderabad,2022-05-14
969,User_969,25,Male,Chennai,2022-08-12
970,User_970,43,Male,Kolkata,2022-06-02
971,User_971,62,Female,Hyderabad,2022-02-02
972,User_972,61,Other,Mumbai,2022-02-24
973,User_973,22,Other,Kolkata,2022-01-07
974,User_974,23,Male,Kolkata,2022-09-01
975,User_975,43,Other,Hyderabad,2022-11-09
976,User_976,21,Male,Bangalore,2022-05-06
977,User_977,36,Female,Hyderabad,2022-01-12
978,User_978,37,Male,Kolkata,2022-01-16
979,User_979,50,Other,Mumbai,2022-07-27
980,User_980,37,Female,Kolkata,2022-02-12
981,User_981,29,Male,Mumbai,2022-05-15
982,User_982,64,Male,Delhi,2022-08-16
983,User_983,18,Female,Chennai,2022-04-21
984,User_984,43,Female,Kolkata,2022-11-03
985,User_985,31,Male,Hyderabad,2022-06-09
986,User_986,55,Other,Delhi,2022-11-27
987,User_987,54,Male,Chennai,2022-09-21
988,User_988,28,Female,Hyderabad,2022-08-13
989,User_989,53,Male,Bangalore,2022-08-05
990,User_990,30,Female,Hyderabad,2022-02-14
991,User_991,60,Female,Mumbai,2022-08-02
992,User_992,20,Other,Mumbai,2022-02-28
993,User_993,50,Female,Bangalore,2022-05-12
994,User_994,23,Female,Delhi,2022-04-14
995,User_995,27,Other,Chennai,2022-07-14
996,User_996,22,Female,Hyderabad,2022-06-06
997,User_997,40,Other,Mumbai,2022-04-08
998,User_998,27,Other,Delhi,2022-08-14
999,User_999,61,Female,Bangalore,2022-07-24
1000,User_1000,19,Female,Kolkata,2022-03-20
